"","SpeciesRichness","Carp","Bullhead","Bluegill","Secchi","SDI","Human","Area","ShedArea","Ecoregion","Depth","Bluegill.plusMin","Carp.plusMin","Bullhead.plusMin","Carp.cut","Bullhead.cut"
"2",7,1.329555,0.5079942,2.4558489,0.910754717,1.314644865,0.466837324,1917604.611,6485055.719,"Forest",5.7912,2.4638217,1.3364859,0.5102592,"(1,2]","(0.5,1]"
"3",14,0,0.1908942,1.961037,1.0764,1.345639983,0.266939618,2315168.137,28884714.49,"Forest",12.74064,1.9690098,0.0069309,0.1931592,"(-Inf,0]","(0,0.5]"
"4",14,0,0.6422634,1.9681491,1.0764,1.345639983,0.266939618,2315168.137,28884714.49,"Forest",12.74064,1.9761219,0.0069309,0.6445284,"(-Inf,0]","(0.5,1]"
"5",7,4.3941,0.030804,5.740416,1.89677686,1.942154869,0.671046457,478743.538,1903753.326,"Forest",7.9248,5.7483888,4.4010309,0.033069,"(2,5]","(0,0.5]"
"6",7,0.659115,0,3.6693,1.89677686,1.942154869,0.671046457,478743.538,1903753.326,"Forest",7.9248,3.6772728,0.6660459,0.002265,"(0.5,1]","(-Inf,0]"
"9",12,0,0.2431704,1.570551,1.726956522,3.534394738,0.461119044,2106754.847,11658973.65,"Forest",7.9248,1.5785238,0.0069309,0.2454354,"(-Inf,0]","(0,0.5]"
"11",17,0.2931363,0.0231936,3.3695046,2.248778409,2.775497664,0.454085462,3750670.317,36973747.43,"Forest",8.8392,3.3774774,0.3000672,0.0254586,"(0,0.5]","(0,0.5]"
"12",17,0,0,1.3967802,3.145928962,1.84617669,0.428954934,1654032.619,47387414.28,"Forest",10.668,1.404753,0.0069309,0.002265,"(-Inf,0]","(-Inf,0]"
"14",3,6.71346,0.04077,0.076104,0.8125,3.336238554,0.695478604,7949732.721,77507464.01,"Plain",4.23672,0.0840768,6.7203909,0.043035,"(5,10]","(0,0.5]"
"15",3,12.935868,0.2822643,0.02718,0.8125,3.336238554,0.695478604,7949732.721,77507464.01,"Plain",4.23672,0.0351528,12.9427989,0.2845293,"(10,20]","(0,0.5]"
"16",0,6.761025,0.7902132,0.1966926,0.30375,1.048482378,0.89662763,1767020.95,52996846.22,"Plain",2.4384,0.2046654,6.7679559,0.7924782,"(5,10]","(0.5,1]"
"17",16,4.1302275,0.493317,1.208604,1.005227273,2.392792398,0.710481491,5824402.786,45192704.25,"Forest",17.58696,1.2165768,4.1371584,0.495582,"(2,5]","(0,0.5]"
"18",16,21.2185653,0,3.3107052,1.005227273,2.392792398,0.710481491,5824402.786,45192704.25,"Forest",17.58696,3.318678,21.2254962,0.002265,"(20, Inf]","(-Inf,0]"
"19",16,4.8471,0.1465002,0.3657522,1.005227273,2.392792398,0.710481491,5824402.786,45192704.25,"Forest",17.58696,0.373725,4.8540309,0.1487652,"(2,5]","(0,0.5]"
"20",12,5.55831,8.8903968,2.3957811,1.058768473,1.360222654,0.649772718,1500373.345,14108998.09,"Forest",16.85544,2.4037539,5.5652409,8.8926618,"(5,10]","(5,10]"
"21",12,4.3654704,1.4392716,0.734766,1.058768473,1.360222654,0.649772718,1500373.345,14108998.09,"Forest",16.85544,0.7427388,4.3724013,1.4415366,"(2,5]","(1,2]"
"22",10,0,4.0711563,0.3901689,1.125083333,2.69902112,0.404193361,5497942.59,10815251.43,"Plain",2.7432,0.3981417,0.0069309,4.0734213,"(-Inf,0]","(2,5]"
"23",0,12.4204899,0,0.0079728,0.279102564,1.322599231,0.606384504,3272290.996,14994471.68,"Plain",2.1336,0.0159456,12.4274208,0.002265,"(10,20]","(-Inf,0]"
"24",0,14.408118,0.1255716,0.5606328,0.279102564,1.322599231,0.606384504,3272290.996,14994471.68,"Plain",2.1336,0.5686056,14.4150489,0.1278366,"(10,20]","(0,0.5]"
"25",3,0.0453906,6.6438792,0.2539971,0.31,1.19579509,0.518171494,959429.5688,3171277.11,"Plain",2.1336,0.2619699,0.0523215,6.6461442,"(0,0.5]","(5,10]"
"26",0,5.356725,0.0637824,0.0313929,0.309927536,1.99686879,0.843581384,1535257.278,56291835.54,"Plain",3.048,0.0393657,5.3636559,0.0660474,"(5,10]","(0,0.5]"
"28",19,0,0,4.8465564,2.751973684,2.498778771,0.475339818,2739481.408,12740387.68,"Forest",21.336,4.8545292,0.0069309,0.002265,"(-Inf,0]","(-Inf,0]"
"29",19,0.351528,0.0431256,1.9096668,2.751973684,2.498778771,0.475339818,2739481.408,12740387.68,"Forest",21.336,1.9176396,0.3584589,0.0453906,"(0,0.5]","(0,0.5]"
"30",2,5.47224,0,1.0187064,2.12969697,1.153080647,0.587978142,114647.5438,825338.8775,"Forest",24.9936,1.0266792,5.4791709,0.002265,"(5,10]","(-Inf,0]"
"31",3,10.249125,1.2018996,0.7100322,1.034090909,1.157791399,0.426503341,355233.3708,834422.6999,"Forest",5.1816,0.718005,10.2560559,1.2041646,"(10,20]","(1,2]"
"32",10,0,0.0483351,5.0109954,1.939565217,1.377342557,0.691609977,673599.847,3352448.623,"Forest",20.05584,5.0189682,0.0069309,0.0506001,"(-Inf,0]","(0,0.5]"
"33",10,0.3180513,0,3.4053822,1.939565217,1.377342557,0.691609977,673599.847,3352448.623,"Forest",20.05584,3.413355,0.3249822,0.002265,"(0,0.5]","(-Inf,0]"
"34",14,0,0.1151073,5.0656272,1.754489796,1.263346126,0.523807915,671293.1368,3344148.961,"Forest",11.21664,5.0736,0.0069309,0.1173723,"(-Inf,0]","(0,0.5]"
"35",5,18.076965,0.034881,0.3321396,0.88027027,1.218334366,0.565536117,665951.2816,11654424.66,"Forest",12.46632,0.3401124,18.0838959,0.037146,"(10,20]","(0,0.5]"
"36",1,5.18232,2.4968454,0.2111886,1.510619048,1.544062488,0.579835987,374010.8012,1872513.56,"Forest",10.668,0.2191614,5.1892509,2.4991104,"(5,10]","(2,5]"
"38",5,0,3.5564124,4.3009632,1.214657534,1.190251053,0.563385533,902004.6254,2412479.944,"Forest",5.4864,4.308936,0.0069309,3.5586774,"(-Inf,0]","(2,5]"
"39",6,0.4077,39.1553721,0.0717552,0.469013158,2.006107278,0.67602206,1199691.647,13122114.44,"Forest",3.048,0.079728,0.4146309,39.1576371,"(0,0.5]","(20, Inf]"
"40",14,0,0.11778,3.014715,1.218962766,3.231969923,0.593710911,3633392.314,43503657.78,"Forest",32.09544,3.0226878,0.0069309,0.120045,"(-Inf,0]","(0,0.5]"
"41",16,3.4748724,0.066138,1.090824,1.723185444,2.771533094,0.485401945,7322631.296,23803350.61,"Forest",9.7536,1.0987968,3.4818033,0.068403,"(2,5]","(0,0.5]"
"42",16,0,0.0612456,2.2273104,1.723185444,2.771533094,0.485401945,7322631.296,23803350.61,"Forest",9.7536,2.2352832,0.0069309,0.0635106,"(-Inf,0]","(0,0.5]"
"43",7,0,0,0.7751736,0.477833333,1.223134659,0.495363297,229254.619,21426808.12,"Forest",5.1816,0.7831464,0.0069309,0.002265,"(-Inf,0]","(-Inf,0]"
"44",9,0,2.0150346,2.4462,1.714642857,1.355851628,0.593980298,189473.9852,13365701.46,"Forest",6.096,2.4541728,0.0069309,2.0172996,"(-Inf,0]","(2,5]"
"45",8,0,2.1308214,2.6773659,1.568548387,1.331393872,0.638426998,208777.5074,5961867.043,"Forest",12.92352,2.6853387,0.0069309,2.1330864,"(-Inf,0]","(2,5]"
"46",14,0,0.322536,0.5110293,1.240635786,2.06470498,0.52144046,2911351.553,37702454.52,"Forest",16.764,0.5190021,0.0069309,0.324801,"(-Inf,0]","(0,0.5]"
"47",1,6.8799375,5.13702,0.79728,0.488,1.989253714,0.794363423,627141.8942,10380665.78,"Plain",4.20624,0.8052528,6.8868684,5.139285,"(5,10]","(5,10]"
"48",14,0,0.04983,0.973044,1.985609756,3.201553076,0.534355977,2297847.577,20570394.53,"Forest",6.4008,0.9810168,0.0069309,0.052095,"(-Inf,0]","(0,0.5]"
"49",14,0,0.0881991,3.5674656,1.985609756,3.201553076,0.534355977,2297847.577,20570394.53,"Forest",6.4008,3.5754384,0.0069309,0.0904641,"(-Inf,0]","(0,0.5]"
"50",7,5.72592,0.1837368,1.1505294,1.288333333,1.483729761,0.532345236,882377.3544,4350583.507,"Forest",5.7912,1.1585022,5.7328509,0.1860018,"(5,10]","(0,0.5]"
"51",3,0,0.1390257,0.0862512,2.180789474,1.638490061,0.751731277,836040.8074,5525854.357,"Plain",8.5344,0.094224,0.0069309,0.1412907,"(-Inf,0]","(0,0.5]"
"52",6,0,1.55379,0.2302146,0.648125,1.687416301,0.882760024,531595.5296,6226467.585,"Forest",3.9624,0.2381874,0.0069309,1.556055,"(-Inf,0]","(1,2]"
"53",0,0,0.133182,0.202944,0.252222222,2.308816195,0.951092939,173772.1684,5889053.973,"Forest",2.1336,0.2109168,0.0069309,0.135447,"(-Inf,0]","(0,0.5]"
"54",5,0,0.307134,0.2601126,0.5775,1.230605737,0.885352387,209263.1306,2763453.893,"Forest",1.76784,0.2680854,0.0069309,0.309399,"(-Inf,0]","(0,0.5]"
"55",8,0,0.1275648,4.314825,1.055555556,1.243578137,0.916302766,320187.5632,3740942.811,"Forest",11.8872,4.3227978,0.0069309,0.1298298,"(-Inf,0]","(0,0.5]"
"58",10,2.70441,0.41676,4.5298188,1.743809524,1.804548202,0.675850987,718803.2732,20566276.38,"Forest",13.716,4.5377916,2.7113409,0.419025,"(2,5]","(0,0.5]"
"59",9,1.0479249,0.2250504,3.91392,1.595639535,2.074026391,0.769317304,3744235.809,47074332.03,"Forest",14.50848,3.9218928,1.0548558,0.2273154,"(1,2]","(0,0.5]"
"60",4,1.456395,0.3479946,4.1905218,0.7625,3.291414921,0.707538316,1430079.387,74459738.12,"Forest",3.5052,4.1984946,1.4633259,0.3502596,"(1,2]","(0,0.5]"
"61",8,0,0.9681516,2.2377294,0.974615385,1.635990109,0.549345673,1153314.631,27343430.56,"Forest",10.668,2.2457022,0.0069309,0.9704166,"(-Inf,0]","(0.5,1]"
"62",9,4.2129,0.1217664,4.54359,1.210898876,1.84817656,0.537081475,3366987.52,34031877.03,"Forest",18.19656,4.5515628,4.2198309,0.1240314,"(2,5]","(0,0.5]"
"63",5,3.6390396,0.2056167,5.4076422,0.98125,1.721363012,0.435114742,698973.6592,7193613.37,"Forest",13.07592,5.415615,3.6459705,0.2078817,"(2,5]","(0,0.5]"
"64",5,0.4674054,0.0338844,2.2476048,1.180487805,1.072141374,0.570690527,148479.2934,1759605.308,"Forest",13.28928,2.2555776,0.4743363,0.0361494,"(0,0.5]","(0,0.5]"
"65",5,4.210635,4.3171353,1.6349676,1.258125,1.260167365,0.829259418,54834.953,3259912.33,"Forest",13.716,1.6429404,4.2175659,4.3194003,"(2,5]","(2,5]"
"69",7,0,0.06795,0.6702588,1.535138889,2.905761929,0.614550155,893465.7508,13619962.21,"Forest",10.9728,0.6782316,0.0069309,0.070215,"(-Inf,0]","(0,0.5]"
"70",2,5.5470303,10.700766,2.3642523,1.3298,1.413246804,0.617951473,1214058,4176903.709,"Plain",8.59536,2.3722251,5.5539612,10.703031,"(5,10]","(10,20]"
"71",2,4.0276683,1.9042308,0.4009503,1.3298,1.413246804,0.617951473,1214058,4176903.709,"Plain",8.59536,0.4089231,4.0345992,1.9064958,"(2,5]","(1,2]"
"72",2,8.91957,0,0.1065456,1.3298,1.413246804,0.617951473,1214058,4176903.709,"Plain",8.59536,0.1145184,8.9265009,0.002265,"(5,10]","(-Inf,0]"
"73",2,6.1608,11.5509564,0.5537925,1.3298,1.413246804,0.617951473,1214058,4176903.709,"Plain",8.59536,0.5617653,6.1677309,11.5532214,"(5,10]","(10,20]"
"74",3,4.4945754,3.18006,0.1634424,0.561481482,1.324120551,0.616449511,1724367.046,5472190.041,"Plain",3.01752,0.1714152,4.5015063,3.182325,"(2,5]","(2,5]"
"75",3,1.3197249,7.1307636,0,0.561481482,1.324120551,0.616449511,1724367.046,5472190.041,"Plain",3.01752,0.0079728,1.3266558,7.1330286,"(1,2]","(5,10]"
"76",3,6.561252,7.9580322,0,0.561481482,1.324120551,0.616449511,1724367.046,5472190.041,"Plain",3.01752,0.0079728,6.5681829,7.9602972,"(5,10]","(5,10]"
"77",1,10.0688763,1.1643912,0,0.305,1.635549134,0.474239825,774245.2552,3959469.797,"Plain",2.4384,0.0079728,10.0758072,1.1666562,"(10,20]","(1,2]"
"78",1,25.8991425,5.752647,0,0.305,1.635549134,0.474239825,774245.2552,3959469.797,"Plain",2.4384,0.0079728,25.9060734,5.754912,"(20, Inf]","(5,10]"
"79",1,3.903048,4.1732625,0,0.516666667,1.179541645,0.765432369,3762891.834,23059821.4,"Plain",2.1336,0.0079728,3.9099789,4.1755275,"(2,5]","(2,5]"
"80",1,3.05775,0.1760358,0,0.516666667,1.179541645,0.765432369,3762891.834,23059821.4,"Plain",2.1336,0.0079728,3.0646809,0.1783008,"(2,5]","(0,0.5]"
"81",1,0,0.1093542,0,0.516666667,1.179541645,0.765432369,3762891.834,23059821.4,"Plain",2.1336,0.0079728,0.0069309,0.1116192,"(-Inf,0]","(0,0.5]"
"82",8,0,1.3533828,0.12231,0.681262136,1.745512256,0.409601871,916087.6982,98592270.82,"Forest",3.3528,0.1302828,0.0069309,1.3556478,"(-Inf,0]","(1,2]"
"83",8,0,0.6007233,2.1470388,0.681262136,1.745512256,0.409601871,916087.6982,98592270.82,"Forest",3.3528,2.1550116,0.0069309,0.6029883,"(-Inf,0]","(0.5,1]"
"84",10,0.5090361,0.0041223,0.39864,2.280523404,1.717374311,0.530938989,720057.7998,6496126.841,"Forest",14.53896,0.4066128,0.515967,0.0063873,"(0.5,1]","(0,0.5]"
"86",8,3.09852,32.2793757,0.918684,1.5189,1.907174676,0.867047891,158029.883,1371251.459,"Plain",2.4384,0.9266568,3.1054509,32.2816407,"(2,5]","(20, Inf]"
"87",15,1.922985,0.423555,0.6421275,1.592720379,1.709091763,0.754533769,6502777.928,72842268.42,"Forest",8.2296,0.6501003,1.9299159,0.42582,"(1,2]","(0,0.5]"
"88",14,0.8012664,0.0528198,2.8567539,1.314086629,1.349409911,0.69620644,2618723.106,30611427.68,"Forest",3.84048,2.8647267,0.8081973,0.0550848,"(0.5,1]","(0,0.5]"
"89",14,2.16534,0.0962625,3.11664,1.314086629,1.349409911,0.69620644,2618723.106,30611427.68,"Forest",3.84048,3.1246128,2.1722709,0.0985275,"(2,5]","(0,0.5]"
"97",10,0,0.31257,0.5401572,2.24344,1.240537279,0.762071613,3415468.903,42580106.23,"Forest",20.4216,0.54813,0.0069309,0.314835,"(-Inf,0]","(0,0.5]"
"98",10,0,0.4227849,1.4280825,2.24344,1.240537279,0.762071613,3415468.903,42580106.23,"Forest",20.4216,1.4360553,0.0069309,0.4250499,"(-Inf,0]","(0,0.5]"
"99",6,18.176625,0.669081,0.065232,0.311612903,2.517126987,0.489872968,2972985.23,17212701.53,"Forest",2.1336,0.0732048,18.1835559,0.671346,"(10,20]","(0.5,1]"
"100",6,4.3444512,1.6342428,0.24462,0.311612903,2.517126987,0.489872968,2972985.23,17212701.53,"Forest",2.1336,0.2525928,4.3513821,1.6365078,"(2,5]","(1,2]"
"101",4,7.46544,0.464325,0.2441217,0.4125,2.233666173,0.785408772,2558586.766,73077581.43,"Plain",4.1148,0.2520945,7.4723709,0.46659,"(5,10]","(0,0.5]"
"102",4,7.77348,1.60362,0.0667722,0.4125,2.233666173,0.785408772,2558586.766,73077581.43,"Plain",4.1148,0.074745,7.7804109,1.605885,"(5,10]","(1,2]"
"103",4,3.2616,3.47904,0.332955,0.4125,2.233666173,0.785408772,2558586.766,73077581.43,"Plain",4.1148,0.3409278,3.2685309,3.481305,"(2,5]","(2,5]"
"104",8,2.5666074,1.1944251,0.12231,0.898739583,1.963334622,0.775887327,2035489.643,82195984.9,"Plain",7.3152,0.1302828,2.5735383,1.1966901,"(2,5]","(1,2]"
"105",8,0.4290363,12.43032,0.785502,0.898739583,1.963334622,0.775887327,2035489.643,82195984.9,"Plain",7.3152,0.7934748,0.4359672,12.432585,"(0,0.5]","(10,20]"
"106",8,5.7522846,0.01812,1.0211526,0.898739583,1.963334622,0.775887327,2035489.643,82195984.9,"Plain",7.3152,1.0291254,5.7592155,0.020385,"(5,10]","(0,0.5]"
"107",10,4.319808,1.9712748,0.0147225,1.939011765,2.2420951,0.468179456,6344828.982,33450177.49,"Forest",4.8768,0.0226953,4.3267389,1.9735398,"(2,5]","(1,2]"
"111",18,0.65232,0,2.290368,3.004197531,1.167685436,0.481341377,2807954.28,9194500.922,"Forest",9.144,2.2983408,0.6592509,0.002265,"(0.5,1]","(-Inf,0]"
"112",18,0.749262,0.053907,2.82219,2.4474,1.459973693,0.369619665,2108778.277,6984226.094,"Forest",12.192,2.8301628,0.7561929,0.056172,"(0.5,1]","(0,0.5]"
"113",18,0.43941,0,1.192296,2.4474,1.459973693,0.369619665,2108778.277,6984226.094,"Forest",12.192,1.2002688,0.4463409,0.002265,"(0,0.5]","(-Inf,0]"
"114",18,0,0.0388674,1.1821035,1.0875,3.038385764,0.712671126,9418945.244,94748215.11,"Forest",9.26592,1.1900763,0.0069309,0.0411324,"(-Inf,0]","(0,0.5]"
"115",18,0.9604959,0,0.7343583,1.0875,3.038385764,0.712671126,9418945.244,94748215.11,"Forest",9.26592,0.7423311,0.9674268,0.002265,"(0.5,1]","(-Inf,0]"
"119",4,0,0.9031008,4.9939626,0.849166667,1.264529975,0.555660824,490115.2146,1903702.813,"Forest",9.144,5.0019354,0.0069309,0.9053658,"(-Inf,0]","(0.5,1]"
"120",4,0,0,1.1074944,0.849166667,1.264529975,0.555660824,490115.2146,1903702.813,"Forest",9.144,1.1154672,0.0069309,0.002265,"(-Inf,0]","(-Inf,0]"
"121",4,3.00792,4.115505,0.197055,0.849166667,1.264529975,0.555660824,490115.2146,1903702.813,"Forest",9.144,0.2050278,3.0148509,4.11777,"(2,5]","(2,5]"
"131",16,0.423555,0.0538164,1.2504159,3.091428571,1.071384578,0.491803279,285060.8184,1179475.475,"Forest",18.288,1.2583887,0.4304859,0.0560814,"(0,0.5]","(0,0.5]"
"132",9,0,10.4325447,3.4447479,0.8235,1.056634372,0.790685882,307197.1426,4442562.874,"Forest",8.2296,3.4527207,0.0069309,10.4348097,"(-Inf,0]","(10,20]"
"133",10,0,2.5614432,3.7928784,1.151,1.202902939,0.5,670726.5764,1714626.423,"Forest",9.72312,3.8008512,0.0069309,2.5637082,"(-Inf,0]","(2,5]"
"134",18,0.592977,0.1760358,0.7808361,1.706604167,2.050949881,0.542734686,3751398.751,16663503.16,"Forest",18.288,0.7888089,0.5999079,0.1783008,"(0.5,1]","(0,0.5]"
"135",13,5.4311076,0.1503054,0.808605,1.239078947,2.180499203,0.704442535,6148920.49,58081211.93,"Forest",12.52728,0.8165778,5.4380385,0.1525704,"(5,10]","(0,0.5]"
"136",13,3.118905,0.0615627,3.549708,1.239078947,2.180499203,0.704442535,6148920.49,58081211.93,"Forest",12.52728,3.5576808,3.1258359,0.0638277,"(2,5]","(0,0.5]"
"137",1,26.25588,2.8506384,0,0.360916667,1.415513364,0.703419022,895165.432,24461623.03,"Plain",2.1336,0.0079728,26.2628109,2.8529034,"(20, Inf]","(2,5]"
"140",2,4.4541225,39.5743971,0,0.507142857,1.924501203,0.751854694,1385644.864,7039661.742,"Plain",3.3528,0.0079728,4.4610534,39.5766621,"(2,5]","(20, Inf]"
"141",2,0.29898,4.9627962,0,0.507142857,1.924501203,0.751854694,1385644.864,7039661.742,"Plain",3.3528,0.0079728,0.3059109,4.9650612,"(0,0.5]","(2,5]"
"142",0,17.117964,2.4940368,0,0.442857143,1.429597465,0.816279387,1518179.529,11575362.56,"Plain",2.40792,0.0079728,17.1248949,2.4963018,"(10,20]","(2,5]"
"143",0,3.57417,4.81539,0,0.442857143,1.429597465,0.816279387,1518179.529,11575362.56,"Plain",2.40792,0.0079728,3.5811009,4.817655,"(2,5]","(2,5]"
"144",3,0.1659339,38.2561218,0,1.8727,1.289947379,0.646849878,1508669.408,4814042.276,"Plain",4.2672,0.0079728,0.1728648,38.2583868,"(0,0.5]","(20, Inf]"
"145",0,36.0469767,3.99546,0,0.492857143,1.099278001,0.74291064,602820.2656,10426399.15,"Plain",2.7432,0.0079728,36.0539076,3.997725,"(20, Inf]","(2,5]"
"146",0,0,3.6183375,0,0.492857143,1.099278001,0.74291064,602820.2656,10426399.15,"Plain",2.7432,0.0079728,0.0069309,3.6206025,"(-Inf,0]","(2,5]"
"147",0,9.3766923,4.6535331,0,0.492857143,1.099278001,0.74291064,602820.2656,10426399.15,"Plain",2.7432,0.0079728,9.3836232,4.6557981,"(5,10]","(2,5]"
"148",7,12.7575672,16.1265735,0.4320261,1.251081081,1.445100497,0.878083667,1547681.138,68945568.37,"Forest",3.6576,0.4399989,12.7644981,16.1288385,"(10,20]","(10,20]"
"149",7,1.5956472,0.7049133,0.7088544,1.251081081,1.445100497,0.878083667,1547681.138,68945568.37,"Forest",3.6576,0.7168272,1.6025781,0.7071783,"(1,2]","(0.5,1]"
"150",2,5.797494,0.1837368,5.0523543,0.915,1.096152813,0.527565286,1422754.57,3406407.886,"Plain",3.048,5.0603271,5.8044249,0.1860018,"(5,10]","(0,0.5]"
"151",2,20.0732454,1.7580024,0.5553327,0.69986755,1.745527117,0.712938018,1333521.307,13527935.72,"Forest",5.4864,0.5633055,20.0801763,1.7602674,"(20, Inf]","(1,2]"
"152",2,0.94677,0.6277674,0.1931592,0.69986755,1.745527117,0.712938018,1333521.307,13527935.72,"Forest",5.4864,0.201132,0.9537009,0.6300324,"(0.5,1]","(0.5,1]"
"153",2,9.815151,0.1031934,0.4703952,0.69986755,1.745527117,0.712938018,1333521.307,13527935.72,"Forest",5.4864,0.478368,9.8220819,0.1054584,"(5,10]","(0,0.5]"
"154",11,2.265,0.0737484,0.2322078,0.4375,2.086571946,0.823617922,2106066.881,19355790.62,"Plain",4.63296,0.2401806,2.2719309,0.0760134,"(2,5]","(0,0.5]"
"155",11,3.734532,1.6822608,0.4322526,0.4375,2.086571946,0.823617922,2106066.881,19355790.62,"Plain",4.63296,0.4402254,3.7414629,1.6845258,"(2,5]","(1,2]"
"156",14,1.9263825,0.0617892,3.1671948,1.379277778,1.117633366,0.689311011,171667.8012,2796502.4,"Forest",7.0104,3.1751676,1.9333134,0.0640542,"(1,2]","(0,0.5]"
"157",14,0.958095,0.8124555,3.4142157,1.379277778,1.117633366,0.689311011,171667.8012,2796502.4,"Forest",7.0104,3.4221885,0.9650259,0.8147205,"(0.5,1]","(0.5,1]"
"158",2,2.920944,1.2075168,0.2849823,0.904417808,1.783430387,0.492342783,1021306.058,2766752.973,"Plain",6.7056,0.2929551,2.9278749,1.2097818,"(2,5]","(1,2]"
"159",2,3.23895,13.338132,0.161268,0.904417808,1.783430387,0.492342783,1021306.058,2766752.973,"Plain",6.7056,0.1692408,3.2458809,13.340397,"(2,5]","(10,20]"
"160",2,2.11098,0.4504632,0.0913248,0.904417808,1.783430387,0.492342783,1021306.058,2766752.973,"Plain",6.7056,0.0992976,2.1179109,0.4527282,"(2,5]","(0,0.5]"
"161",5,11.06226,0.0637824,0.1810188,0.59884,2.026875359,0.844758065,336536.8776,3089207.947,"Plain",3.3528,0.1889916,11.0691909,0.0660474,"(10,20]","(0,0.5]"
"162",5,2.05662,2.2907757,0.387768,0.59884,2.026875359,0.844758065,336536.8776,3089207.947,"Plain",3.3528,0.3957408,2.0635509,2.2930407,"(2,5]","(2,5]"
"165",3,0,2.0244117,0.7073142,1.094874227,1.05418594,0.782741738,922279.394,5879861.902,"Plain",6.00456,0.715287,0.0069309,2.0266767,"(-Inf,0]","(2,5]"
"166",3,4.33521,0.0276783,1.0197936,1.094874227,1.05418594,0.782741738,922279.394,5879861.902,"Plain",6.00456,1.0277664,4.3421409,0.0299433,"(2,5]","(0,0.5]"
"167",3,2.4356904,1.818795,0.48924,0.896793939,1.255959417,0.831662345,2217841.154,56139620.97,"Plain",7.62,0.4972128,2.4426213,1.82106,"(2,5]","(1,2]"
"168",3,3.22536,0.106455,0.7808814,0.896793939,1.255959417,0.831662345,2217841.154,56139620.97,"Plain",7.62,0.7888542,3.2322909,0.10872,"(2,5]","(0,0.5]"
"169",0,18.742422,3.653445,0.2688102,0.615490909,1.163525961,0.555646342,736852.2688,2781681.724,"Plain",5.0292,0.276783,18.7493529,3.65571,"(10,20]","(2,5]"
"170",0,25.7405925,0.0583011,0.1891275,0.615490909,1.163525961,0.555646342,736852.2688,2781681.724,"Plain",5.0292,0.1971003,25.7475234,0.0605661,"(20, Inf]","(0,0.5]"
"171",0,15.9558378,32.88327,0.085617,0.406666667,1.15664057,0.624569435,1081887.552,3616710.717,"Plain",2.1336,0.0935898,15.9627687,32.885535,"(10,20]","(20, Inf]"
"172",0,0.88788,6.5665974,0,0.406666667,1.15664057,0.624569435,1081887.552,3616710.717,"Plain",2.1336,0.0079728,0.8948109,6.5688624,"(0.5,1]","(5,10]"
"173",0,0,0.9096693,0,0.2135,1.196277427,0.735052488,671940.6344,4025343.472,"Plain",1.524,0.0079728,0.0069309,0.9119343,"(-Inf,0]","(0.5,1]"
"174",6,18.4824,4.2941682,0,0.86925,1.260915712,0.886211901,280123.6492,3190514.999,"Plain",1.8288,0.0079728,18.4893309,4.2964332,"(10,20]","(2,5]"
"175",0,10.56396,0.0811776,0,1.0675,1.409573543,0.824638317,622649.8796,4110141.488,"Plain",2.04216,0.0079728,10.5708909,0.0834426,"(10,20]","(0,0.5]"
"176",0,7.31595,20.89236,0,1.0675,1.409573543,0.824638317,622649.8796,4110141.488,"Plain",2.04216,0.0079728,7.3228809,20.894625,"(5,10]","(20, Inf]"
"181",16,0.8534973,0.0303963,0.7638939,2.340273973,1.278402883,0.734359777,1173144.245,44993648.29,"Forest",15.24,0.7718667,0.8604282,0.0326613,"(0.5,1]","(0,0.5]"
"182",16,0,0.169422,1.1648442,2.340273973,1.278402883,0.734359777,1173144.245,44993648.29,"Forest",15.24,1.172817,0.0069309,0.171687,"(-Inf,0]","(0,0.5]"
"183",6,14.60925,0.109626,0.4757859,0.77775,1.659699008,0.688326672,775783.062,31257740.62,"Forest",5.1816,0.4837587,14.6161809,0.111891,"(10,20]","(0,0.5]"
"184",6,4.3895247,0.1448694,0,0.77775,1.659699008,0.688326672,775783.062,31257740.62,"Forest",5.1816,0.0079728,4.3964556,0.1471344,"(2,5]","(0,0.5]"
"185",9,0.5282886,0.4173489,0.6423087,0.65625,1.452185297,0.701831388,951376.3174,22835264.91,"Forest",5.4864,0.6502815,0.5352195,0.4196139,"(0.5,1]","(0,0.5]"
"186",9,10.30575,1.3926579,0.7077672,0.65625,1.452185297,0.701831388,951376.3174,22835264.91,"Forest",5.4864,0.71574,10.3126809,1.3949229,"(10,20]","(1,2]"
"187",17,4.2343269,0.0134541,0.3321396,2.082946429,1.388098339,0.729071626,2413425.898,64848698.8,"Forest",21.61032,0.3401124,4.2412578,0.0157191,"(2,5]","(0,0.5]"
"188",17,0,0.1031481,0.76557,2.082946429,1.388098339,0.729071626,2413425.898,64848698.8,"Forest",21.61032,0.7735428,0.0069309,0.1054131,"(-Inf,0]","(0,0.5]"
"189",17,0.867042,0,1.2791361,2.082946429,1.388098339,0.729071626,2413425.898,64848698.8,"Forest",21.61032,1.2871089,0.8739729,0.002265,"(0.5,1]","(-Inf,0]"
"190",16,0.5491266,0,0.546771,3.537333333,1.514506637,0.515453297,2337142.587,7859006.431,"Plain",13.716,0.5547438,0.5560575,0.002265,"(0.5,1]","(-Inf,0]"
"191",16,0,0.0712569,2.1664272,3.537333333,1.514506637,0.515453297,2337142.587,7859006.431,"Plain",13.716,2.1744,0.0069309,0.0735219,"(-Inf,0]","(0,0.5]"
"193",15,0.3604068,0,1.6510944,2.594693878,1.686148566,0.762608956,765706.3806,11255863.31,"Forest",9.144,1.6590672,0.3673377,0.002265,"(0,0.5]","(-Inf,0]"
"194",3,0.591165,14.889204,0.0134541,0.56425,1.728928887,0.454219031,741789.438,2001750.376,"Plain",2.5908,0.0214269,0.5980959,14.891469,"(0.5,1]","(10,20]"
"195",1,1.049148,13.5630012,0.3334533,0.5205,1.665170163,0.861977722,3140484.766,57424887.77,"Plain",5.0292,0.3414261,1.0560789,13.5652662,"(1,2]","(10,20]"
"196",1,5.2717875,8.3831274,0.0301698,0.5205,1.665170163,0.861977722,3140484.766,57424887.77,"Plain",5.0292,0.0381426,5.2787184,8.3853924,"(5,10]","(5,10]"
"199",16,0,0.187542,1.4822613,3.400189125,3.769669902,0.378712888,4226176.367,49627166.93,"Forest",32.004,1.4902341,0.0069309,0.189807,"(-Inf,0]","(0,0.5]"
"201",12,0,0,0.61155,2.3851,1.937124197,0.287886332,527831.9498,23955041.74,"Forest",10.668,0.6195228,0.0069309,0.002265,"(-Inf,0]","(-Inf,0]"
"204",13,1.7710488,0,0.7153776,2.584712644,3.487999341,0.504904108,3591345.438,40995984.59,"Plain",25.26792,0.7233504,1.7779797,0.002265,"(1,2]","(-Inf,0]"
"206",16,0,0.14496,3.5728563,1.163432007,2.069164018,0.43141465,4235484.145,79304008.87,"Forest",11.2776,3.5808291,0.0069309,0.147225,"(-Inf,0]","(0,0.5]"
"207",8,0,0.0418572,2.0741058,1.069344262,1.361754288,0.865060627,340381.3946,31015491.94,"Forest",3.53568,2.0820786,0.0069309,0.0441222,"(-Inf,0]","(0,0.5]"
"208",8,0,0.242808,4.1912013,1.069344262,1.361754288,0.865060627,340381.3946,31015491.94,"Forest",3.53568,4.1991741,0.0069309,0.245073,"(-Inf,0]","(0,0.5]"
"209",5,3.65118,0.0463419,0.9746748,1.092222222,1.432461721,0.48353698,290281.2678,22992892.83,"Forest",3.3528,0.9826476,3.6581109,0.0486069,"(2,5]","(0,0.5]"
"210",8,1.1720016,0,2.611092,2.939213483,1.726067381,0.412582338,2457334.329,33181590.15,"Forest",17.58696,2.6190648,1.1789325,0.002265,"(1,2]","(-Inf,0]"
"213",13,0.4026264,0,0.7917987,2.313253968,1.21108866,0.286276715,1821127.469,3201737.975,"Forest",8.5344,0.7997715,0.4095573,0.002265,"(0,0.5]","(-Inf,0]"
"214",2,0,0.0269082,0.0503736,1.686,1.230563291,0.302447124,150057.5688,2963109.391,"Forest",6.4008,0.0583464,0.0069309,0.0291732,"(-Inf,0]","(0,0.5]"
"215",4,10.02036,2.7760746,2.912337,0.802,1.170229246,0.898098803,147508.047,20635739.13,"Forest",4.8768,2.9203098,10.0272909,2.7783396,"(10,20]","(2,5]"
"217",3,3.3301842,22.221915,0.2162169,0.680625,1.454897079,0.841913025,2060337.363,20993900.58,"Plain",3.048,0.2241897,3.3371151,22.22418,"(2,5]","(20, Inf]"
"218",3,7.55604,0.0483351,0.2580288,0.680625,1.454897079,0.841913025,2060337.363,20993900.58,"Plain",3.048,0.2660016,7.5629709,0.0506001,"(5,10]","(0,0.5]"
"219",3,2.79048,0.0139524,0.23556,0.680625,1.454897079,0.841913025,2060337.363,20993900.58,"Plain",3.048,0.2435328,2.7974109,0.0162174,"(2,5]","(0,0.5]"
"220",12,0,1.2739266,3.2007168,0.932575,1.580829356,0.594087263,2558748.641,38705335.29,"Forest",11.55192,3.2086896,0.0069309,1.2761916,"(-Inf,0]","(1,2]"
"221",12,0,19.32498,0.4609275,0.932575,1.580829356,0.594087263,2558748.641,38705335.29,"Forest",11.55192,0.4689003,0.0069309,19.327245,"(-Inf,0]","(10,20]"
"222",12,0,14.1676656,3.38844,0.932575,1.580829356,0.594087263,2558748.641,38705335.29,"Forest",11.55192,3.3964128,0.0069309,14.1699306,"(-Inf,0]","(10,20]"
"223",6,1.266588,5.1684129,0.301698,1.503327381,1.245012757,0.67349444,1261365.793,35334180.12,"Forest",14.3256,0.3096708,1.2735189,5.1706779,"(1,2]","(5,10]"
"224",11,0,0,3.7601718,1.043431373,1.167158642,0.486549937,3544199.519,17433232.19,"Forest",15.36192,3.7681446,0.0069309,0.002265,"(-Inf,0]","(-Inf,0]"
"225",13,0,0.0047112,1.93431,0.905892857,1.383467715,0.523822863,2757085.249,12058242.61,"Forest",15.14856,1.9422828,0.0069309,0.0069762,"(-Inf,0]","(0,0.5]"
"226",13,0.4223772,0,1.0877889,0.905892857,1.383467715,0.523822863,2757085.249,12058242.61,"Forest",15.14856,1.0957617,0.4293081,0.002265,"(0,0.5]","(-Inf,0]"
"227",7,2.70441,0,0.2815848,1.029615385,1.182244099,0.545900491,713704.2296,2624424.205,"Forest",8.2296,0.2895576,2.7113409,0.002265,"(2,5]","(-Inf,0]"
"228",7,1.47225,0.0752433,1.034199,1.029615385,1.182244099,0.545900491,713704.2296,2624424.205,"Forest",8.2296,1.0421718,1.4791809,0.0775083,"(1,2]","(0,0.5]"
"229",5,7.59228,15.0844923,1.2684,0.96,1.719072009,0.528045003,1337972.853,52168662.5,"Forest",2.04216,1.2763728,7.5992109,15.0867573,"(5,10]","(10,20]"
"230",5,2.454354,1.31823,3.562845,0.963624114,2.858670103,0.51995223,3583534.999,19080697.95,"Forest",12.77112,3.5708178,2.4612849,1.320495,"(2,5]","(1,2]"
"231",10,0,0.57984,2.2283976,1.13425,2.092048448,0.584406976,3805950.424,29166507.06,"Forest",9.35736,2.2363704,0.0069309,0.582105,"(-Inf,0]","(0.5,1]"
"232",10,0.120498,0.305775,2.067492,1.13425,2.092048448,0.584406976,3805950.424,29166507.06,"Forest",9.35736,2.0754648,0.1274289,0.30804,"(0,0.5]","(0,0.5]"
"233",1,7.8417018,2.901465,0.500565,0.28,2.246765391,0.840162461,1049512.672,55174011.25,"Forest",4.2672,0.5085378,7.8486327,2.90373,"(5,10]","(2,5]"
"234",1,45.05085,4.8708825,1.04643,0.27,1.208983719,0.651450348,1227129.358,5847997.161,"Forest",2.4384,1.0544028,45.0577809,4.8731475,"(20, Inf]","(2,5]"
"238",15,2.08833,0.2715282,0.3167829,0.787278481,1.398722225,0.316412573,1840673.802,20695914.44,"Forest",6.096,0.3247557,2.0952609,0.2737932,"(2,5]","(0,0.5]"
"239",15,1.4104608,0,0.218346,0.787278481,1.398722225,0.316412573,1840673.802,20695914.44,"Forest",6.096,0.2263188,1.4173917,0.002265,"(1,2]","(-Inf,0]"
"240",15,0,0,0.5889906,0.787278481,1.398722225,0.316412573,1840673.802,20695914.44,"Forest",6.096,0.5969634,0.0069309,0.002265,"(-Inf,0]","(-Inf,0]"
"241",12,0,0.0762399,1.63533,2.954094828,1.076618381,0.696259026,990347.5792,6509749.335,"Forest",13.99032,1.6433028,0.0069309,0.0785049,"(-Inf,0]","(0,0.5]"
"242",7,0,0.0569874,1.3844586,0.648087248,1.33621058,0.487541616,615972.5606,7814199.253,"Forest",4.572,1.3924314,0.0069309,0.0592524,"(-Inf,0]","(0,0.5]"
"243",7,0,0,0.920949,0.648087248,1.33621058,0.487541616,615972.5606,7814199.253,"Forest",4.572,0.9289218,0.0069309,0.002265,"(-Inf,0]","(-Inf,0]"
"244",12,1.8252729,0,0.7428294,1.098189103,1.402097091,0.501682878,1635781.281,37621755.88,"Forest",7.62,0.7508022,1.8322038,0.002265,"(1,2]","(-Inf,0]"
"245",12,0,0.10872,1.7465868,1.098189103,1.402097091,0.501682878,1635781.281,37621755.88,"Forest",7.62,1.7545596,0.0069309,0.110985,"(-Inf,0]","(0,0.5]"
"246",6,0,0.0323442,0.4980735,0.587242647,1.547558889,0.505701161,650816.0252,40886953.93,"Forest",3.048,0.5060463,0.0069309,0.0346092,"(-Inf,0]","(0,0.5]"
"247",6,0,0,0.4488777,0.587242647,1.547558889,0.505701161,650816.0252,40886953.93,"Forest",3.048,0.4568505,0.0069309,0.002265,"(-Inf,0]","(-Inf,0]"
"248",16,0,0,1.2441192,3.971808511,2.024833503,0.627411083,270573.0596,19593357.94,"Forest",9.144,1.252092,0.0069309,0.002265,"(-Inf,0]","(-Inf,0]"
"249",10,0.704415,0.0867042,0.3500784,1.5,1.606979049,0.558821406,134881.8438,63794782.28,"Forest",9.144,0.3580512,0.7113459,0.0889692,"(0.5,1]","(0,0.5]"
"250",14,0,0,2.566698,2.854827586,1.339454371,0.665717977,436818.0684,48803009.63,"Forest",15.24,2.5746708,0.0069309,0.002265,"(-Inf,0]","(-Inf,0]"
"253",11,0,0.0702603,1.0044369,1.983333333,1.566868966,0.482946805,455757.3732,37344906.63,"Forest",5.4864,1.0124097,0.0069309,0.0725253,"(-Inf,0]","(0,0.5]"
"254",18,0,0.1792068,4.3564104,2.575714286,1.597399362,0.435977197,1664837.735,60022433.56,"Forest",11.5824,4.3643832,0.0069309,0.1814718,"(-Inf,0]","(0,0.5]"
"255",10,0,0.1608603,0.7490808,1.93752381,1.365788059,0.611976622,441957.5806,13838640.48,"Forest",21.336,0.7570536,0.0069309,0.1631253,"(-Inf,0]","(0,0.5]"
"260",15,0.373725,0,0.6093756,2.125665618,2.51190536,0.944923245,1852126.416,25762143.08,"Forest",9.144,0.6173484,0.3806559,0.002265,"(0,0.5]","(-Inf,0]"
"261",10,0,0,0.5675184,3.633333333,1.265159226,0.890134104,241678.4792,2641287.277,"Forest",16.4592,0.5754912,0.0069309,0.002265,"(-Inf,0]","(-Inf,0]"
"265",6,0,3.4798554,3.5616672,0.553085106,1.331907439,0.801345292,846967.3294,2405096.615,"Forest",3.048,3.56964,0.0069309,3.4821204,"(-Inf,0]","(2,5]"
"266",13,0,0.1031481,1.4694414,2.716047297,1.579408043,0.533762098,799133.4442,5435974.65,"Forest",13.4112,1.4774142,0.0069309,0.1054131,"(-Inf,0]","(0,0.5]"
"269",9,10.0566,0.255039,0,0.53375,1.094893526,0.753704289,1376944.115,39353753.77,"Plain",2.5908,0.0079728,10.0635309,0.257304,"(10,20]","(0,0.5]"
"270",11,0,0.0338844,0.7248,3.2444375,1.300429562,0.910931174,381821.241,1729080.218,"Forest",14.3256,0.7327728,0.0069309,0.0361494,"(-Inf,0]","(0,0.5]"
"271",20,0.347904,0.0195696,0.8273592,2.277455426,1.943415211,0.742298291,3589200.603,90309578.76,"Forest",13.716,0.835332,0.3548349,0.0218346,"(0,0.5]","(0,0.5]"
"272",14,0,0.1838727,1.01925,1.023888889,1.254964088,0.79022498,523461.341,4032187.562,"Forest",7.9248,1.0272228,0.0069309,0.1861377,"(-Inf,0]","(0,0.5]"
"274",23,0.4705311,0.0523215,1.06455,1.928035714,2.369620129,0.859314671,8547494.412,56469969.2,"Forest",24.384,1.0725228,0.477462,0.0545865,"(0,0.5]","(0,0.5]"
"275",15,0.7808814,0,0.1935216,3.4465,1.459118042,0.507741123,468545.4508,2058237.875,"Forest",11.8872,0.2014944,0.7878123,0.002265,"(0.5,1]","(-Inf,0]"
"279",5,0,0,1.255716,1.832931035,1.153493607,0.802694916,416624.237,17281818.48,"Forest",4.66344,1.2636888,0.0069309,0.002265,"(-Inf,0]","(-Inf,0]"
"280",18,0,0.1281084,3.6734676,1.537160053,2.352678888,0.381012624,9189973.905,43740013.48,"Forest",11.24712,3.6814404,0.0069309,0.1303734,"(-Inf,0]","(0,0.5]"
"281",7,5.71233,0.2718,3.680172,1.805471698,1.211843433,0.84531292,198741.2946,8987734.108,"Forest",10.9728,3.6881448,5.7192609,0.274065,"(5,10]","(0,0.5]"
"282",2,11.828736,1.5464514,0.2264094,0.825,1.43872833,0.600282771,1601099.69,4455951.033,"Plain",1.9812,0.2343822,11.8356669,1.5487164,"(10,20]","(1,2]"
"283",2,0.192978,2.5998576,0,0.825,1.43872833,0.600282771,1601099.69,4455951.033,"Plain",1.9812,0.0079728,0.1999089,2.6021226,"(0,0.5]","(2,5]"
"284",12,0,0,3.580965,1.19332878,1.877997072,0.519194923,1199206.024,3897429.916,"Forest",7.1628,3.5889378,0.0069309,0.002265,"(-Inf,0]","(-Inf,0]"
"285",3,1.1989098,0.753792,3.79161,0.611111111,1.184226632,0.641214677,711316.5822,6746780.355,"Forest",6.096,3.7995828,1.2058407,0.756057,"(1,2]","(0.5,1]"
"287",19,0,0.0423555,0.6283563,4.127601626,1.401487151,0.391765706,403107.7246,11997495.81,"Forest",15.8496,0.6363291,0.0069309,0.0446205,"(-Inf,0]","(0,0.5]"
"288",4,0,0.0986634,0.5071788,1.803333333,1.26389411,0.452198882,68756.1514,49355155.63,"Forest",11.2776,0.5151516,0.0069309,0.1009284,"(-Inf,0]","(0,0.5]"
"289",2,4.56624,0,0,1.65,1.797530506,0.454315322,134112.9404,48942985.36,"Forest",11.2776,0.0079728,4.5731709,0.002265,"(2,5]","(-Inf,0]"
"292",6,0,0,2.0485113,0.650666667,1.234469841,0.54439834,337629.5298,1083907.071,"Forest",7.9248,2.0564841,0.0069309,0.002265,"(-Inf,0]","(-Inf,0]"
"295",15,1.7295993,0.1674288,1.7574588,1.626704546,1.477339149,0.627406243,1251208.175,24550905.95,"Forest",24.56688,1.7654316,1.7365302,0.1696938,"(1,2]","(0,0.5]"
"296",6,0,0.1315512,0.6149022,0.305,1.216324244,0.681298841,165516.574,6973992.814,"Forest",5.7912,0.622875,0.0069309,0.1338162,"(-Inf,0]","(0,0.5]"
"297",7,1.4738808,0.1496712,2.0537208,2.26,1.185160311,0.719050783,789785.1976,16756842.38,"Forest",30.96768,2.0616936,1.4808117,0.1519362,"(1,2]","(0,0.5]"
"298",7,3.81879,0,0.2406789,2.26,1.185160311,0.719050783,789785.1976,16756842.38,"Forest",30.96768,0.2486517,3.8257209,0.002265,"(2,5]","(-Inf,0]"
"299",4,1.7800182,0,0.079275,1.0675,1.557645706,0.642448169,374617.8302,7179970.504,"Forest",7.3152,0.0872478,1.7869491,0.002265,"(1,2]","(-Inf,0]"
"300",9,0.4738833,0,0.713475,1.483560606,1.603253038,0.563324644,741020.5346,4551618.721,"Forest",11.24712,0.7214478,0.4808142,0.002265,"(0,0.5]","(-Inf,0]"
"301",9,1.4424426,0,1.2676752,1.483560606,1.603253038,0.563324644,741020.5346,4551618.721,"Forest",11.24712,1.275648,1.4493735,0.002265,"(1,2]","(-Inf,0]"
"302",4,5.4937575,2.3296884,0.505548,0.541111111,1.393322708,0.724296932,652960.861,21643852.16,"Forest",6.2484,0.5135208,5.5006884,2.3319534,"(5,10]","(2,5]"
"303",6,0.8401338,0.1484028,1.69875,1.001051754,1.333373256,0.898188122,1519150.775,85944532.78,"Forest",5.6388,1.7067228,0.8470647,0.1506678,"(0.5,1]","(0,0.5]"
"304",14,0.1116645,0,0.5878128,2.408739712,1.219160527,0.549455535,739927.8824,1983961.861,"Forest",14.56944,0.5957856,0.1185954,0.002265,"(0,0.5]","(-Inf,0]"
"305",14,0.6453438,0,0.5662953,2.408739712,1.219160527,0.549455535,739927.8824,1983961.861,"Forest",14.56944,0.5742681,0.6522747,0.002265,"(0.5,1]","(-Inf,0]"
"306",11,1.326837,0.323895,0.2602938,1.253333333,1.233918069,0.759626995,2977558.182,17272492.42,"Forest",10.9728,0.2682666,1.3337679,0.32616,"(1,2]","(0,0.5]"
"307",10,0,0,1.4941752,1.544756014,1.424247213,0.631475688,1428824.86,9802268.994,"Forest",10.33272,1.502148,0.0069309,0.002265,"(-Inf,0]","(-Inf,0]"
"308",11,0,0,1.9657482,1.587368421,1.152993343,0.726062847,496752.065,2431064.235,"Forest",15.8496,1.973721,0.0069309,0.002265,"(-Inf,0]","(-Inf,0]"
"309",11,0,0,0.936351,1.587368421,1.152993343,0.726062847,496752.065,2431064.235,"Forest",15.8496,0.9443238,0.0069309,0.002265,"(-Inf,0]","(-Inf,0]"
"310",19,0,0.002265,0.74292,2.133303783,1.662641239,0.634776479,3169460.283,37767763.24,"Forest",30.48,0.7508928,0.0069309,0.00453,"(-Inf,0]","(0,0.5]"
"311",19,0.5060916,0.039864,3.9936027,2.133303783,1.662641239,0.634776479,3169460.283,37767763.24,"Forest",30.48,4.0015755,0.5130225,0.042129,"(0.5,1]","(0,0.5]"
"312",18,0,0,2.265,2.880801887,2.375330716,0.485931691,4127675.794,27113456.27,"Forest",20.60448,2.2729728,0.0069309,0.002265,"(-Inf,0]","(-Inf,0]"
"318",8,0.1039635,0.0568062,2.4356904,1.350967742,1.506260713,0.646168634,1403046.362,21987779.88,"Forest",15.17904,2.4436632,0.1108944,0.0590712,"(0,0.5]","(0,0.5]"
"319",20,0,0.0585276,0.3437364,5.43703125,3.016178196,0.416288351,3659858.778,32309082.91,"Forest",25.11552,0.3517092,0.0069309,0.0607926,"(-Inf,0]","(0,0.5]"
"320",16,0,0,2.2526784,2.414878049,1.68172233,0.603179887,1582524.603,13987125.86,"Forest",9.26592,2.2606512,0.0069309,0.002265,"(-Inf,0]","(-Inf,0]"
"324",9,0.6308025,1.0958976,1.8247293,1.688306452,1.119477369,0.618828598,374982.0476,19072971.15,"Forest",10.668,1.8327021,0.6377334,1.0981626,"(0.5,1]","(1,2]"
"325",9,0,1.1585928,2.0477412,1.688306452,1.119477369,0.618828598,374982.0476,19072971.15,"Forest",10.668,2.055714,0.0069309,1.1608578,"(-Inf,0]","(1,2]"
"327",5,4.78368,10.8241632,0.0636012,0.414285714,1.666131431,0.873271156,1923553.495,24683650.85,"Plain",2.5908,0.071574,4.7906109,10.8264282,"(2,5]","(10,20]"
"328",5,7.4745,0.1342692,0,0.414285714,1.666131431,0.873271156,1923553.495,24683650.85,"Plain",2.5908,0.0079728,7.4814309,0.1365342,"(5,10]","(0,0.5]"
